{
  "25": {
    "M-series": 537,
    "FP4200": 4200,
    "FP4390_JF1": 4390,
    "LSE": 220,
    "FLEX": 3302,
    "FLEX(Chg)": 2972,
    "SCS4600-UP-S": 4600,
    "SCS4400-UP-S": 4400,
    "SCS3950-UP-S": 3960
  },
  "26": {
    "M-series": 537,
    "FP4200": 4200,
    "FP4390_JF1": 4390,
    "LSE": 220,
    "FLEX": 3302,
    "FLEX(Chg)": 2972,
    "SCS4600-UP-S": 4589.8,
    "SCS4400-UP-S": 4390.2,
    "SCS3950-UP-S": 3936
  },
  "27": {
    "M-series": 537,
    "FP4200": 4200,
    "FP4390_JF1": 4390,
    "LSE": 220,
    "FLEX": 3302,
    "FLEX(Chg)": 2972,
    "SCS4600-UP-S": 4579.6,
    "SCS4400-UP-S": 4380.4,
    "SCS3950-UP-S": 3912
  },
  "28": {
    "M-series": 537,
    "FP4200": 4200,
    "FP4390_JF1": 4390,
    "LSE": 220,
    "FLEX": 3302,
    "FLEX(Chg)": 2972,
    "SCS4600-UP-S": 4569.400000000001,
    "SCS4400-UP-S": 4370.599999999999,
    "SCS3950-UP-S": 3888
  },
  "29": {
    "M-series": 537,
    "FP4200": 4200,
    "FP4390_JF1": 4390,
    "LSE": 220,
    "FLEX": 3302,
    "FLEX(Chg)": 2972,
    "SCS4600-UP-S": 4559.200000000001,
    "SCS4400-UP-S": 4360.799999999999,
    "SCS3950-UP-S": 3865
  },
  "30": {
    "M-series": 537,
    "FP4200": 4200,
    "FP4390_JF1": 4390,
    "LSE": 220,
    "FLEX": 3302,
    "FLEX(Chg)": 2972,
    "SCS4600-UP-S": 4549.000000000001,
    "SCS4400-UP-S": 4350.999999999999,
    "SCS3950-UP-S": 3841
  },
  "31": {
    "M-series": 537,
    "FP4200": 4200,
    "FP4390_JF1": 4390,
    "LSE": 220,
    "FLEX": 3302,
    "FLEX(Chg)": 2972,
    "SCS4600-UP-S": 4538.800000000001,
    "SCS4400-UP-S": 4341.199999999999,
    "SCS3950-UP-S": 3817
  },
  "32": {
    "M-series": 537,
    "FP4200": 4200,
    "FP4390_JF1": 4390,
    "LSE": 220,
    "FLEX": 3302,
    "FLEX(Chg)": 2972,
    "SCS4600-UP-S": 4528.600000000001,
    "SCS4400-UP-S": 4331.399999999999,
    "SCS3950-UP-S": 3793
  },
  "33": {
    "M-series": 537,
    "FP4200": 4200,
    "FP4390_JF1": 4390,
    "LSE": 220,
    "FLEX": 3302,
    "FLEX(Chg)": 2972,
    "SCS4600-UP-S": 4518.4000000000015,
    "SCS4400-UP-S": 4321.5999999999985,
    "SCS3950-UP-S": 3769
  },
  "34": {
    "M-series": 537,
    "FP4200": 4200,
    "FP4390_JF1": 4390,
    "LSE": 220,
    "FLEX": 3302,
    "FLEX(Chg)": 2972,
    "SCS4600-UP-S": 4508.200000000002,
    "SCS4400-UP-S": 4311.799999999998,
    "SCS3950-UP-S": 3745
  },
  "35": {
    "M-series": 537,
    "FP4200": 4200,
    "FP4390_JF1": 4390,
    "LSE": 220,
    "FLEX": 3302,
    "FLEX(Chg)": 2972,
    "SCS4600-UP-S": 4498.000000000002,
    "SCS4400-UP-S": 4301.999999999998,
    "SCS3950-UP-S": 3722
  },
  "36": {
    "M-series": 537,
    "FP4200": 4200,
    "FP4390_JF1": 4390,
    "LSE": 220,
    "FLEX": 3302,
    "FLEX(Chg)": 2972,
    "SCS4600-UP-S": 4487.800000000002,
    "SCS4400-UP-S": 4292.199999999998,
    "SCS3950-UP-S": 3699
  },
  "37": {
    "M-series": 537,
    "FP4200": 4200,
    "FP4390_JF1": 4390,
    "LSE": 220,
    "FLEX": 3302,
    "FLEX(Chg)": 2972,
    "SCS4600-UP-S": 4477.600000000002,
    "SCS4400-UP-S": 4282.399999999998,
    "SCS3950-UP-S": 3676
  },
  "38": {
    "M-series": 537,
    "FP4200": 4200,
    "FP4390_JF1": 4390,
    "LSE": 220,
    "FLEX": 3302,
    "FLEX(Chg)": 2972,
    "SCS4600-UP-S": 4467.400000000002,
    "SCS4400-UP-S": 4272.599999999998,
    "SCS3950-UP-S": 3654
  },
  "39": {
    "M-series": 537,
    "FP4200": 4200,
    "FP4390_JF1": 4390,
    "LSE": 220,
    "FLEX": 3302,
    "FLEX(Chg)": 2972,
    "SCS4600-UP-S": 4457.200000000003,
    "SCS4400-UP-S": 4262.799999999997,
    "SCS3950-UP-S": 3632
  },
  "40": {
    "M-series": 537,
    "FP4200": 4200,
    "FP4390_JF1": 4390,
    "LSE": 220,
    "FLEX": 3302,
    "FLEX(Chg)": 2972,
    "SCS4600-UP-S": 4447,
    "SCS4400-UP-S": 4253,
    "SCS3950-UP-S": 3604
  },
  "41": {
    "M-series": 537,
    "FP4200": 4170,
    "FP4390_JF1": 4347,
    "LSE": 220,
    "FLEX": 3281.6,
    "FLEX(Chg)": 2953.6,
    "SCS4600-UP-S": 4416.3,
    "SCS4400-UP-S": 4223.7,
    "SCS3950-UP-S": 3580
  },
  "42": {
    "M-series": 537,
    "FP4200": 4140,
    "FP4390_JF1": 4305,
    "LSE": 220,
    "FLEX": 3261.2,
    "FLEX(Chg)": 2935.2,
    "SCS4600-UP-S": 4385.6,
    "SCS4400-UP-S": 4194.4,
    "SCS3950-UP-S": 3556
  },
  "43": {
    "M-series": 537,
    "FP4200": 4110,
    "FP4390_JF1": 4262,
    "LSE": 220,
    "FLEX": 3240.7999999999997,
    "FLEX(Chg)": 2916.7999999999997,
    "SCS4600-UP-S": 4354.900000000001,
    "SCS4400-UP-S": 4165.099999999999,
    "SCS3950-UP-S": 3533
  },
  "44": {
    "M-series": 537,
    "FP4200": 4080,
    "FP4390_JF1": 4220,
    "LSE": 220,
    "FLEX": 3220.3999999999996,
    "FLEX(Chg)": 2898.3999999999996,
    "SCS4600-UP-S": 4324.200000000001,
    "SCS4400-UP-S": 4135.799999999999,
    "SCS3950-UP-S": 3509
  },
  "45": {
    "M-series": 537,
    "FP4200": 4050,
    "FP4390_JF1": 4177,
    "LSE": 220,
    "FLEX": 3200,
    "FLEX(Chg)": 2972,
    "SCS4600-UP-S": 4293.500000000001,
    "SCS4400-UP-S": 4106.499999999999,
    "SCS3950-UP-S": 3484
  },
  "46": {
    "M-series": 526.26,
    "FP4200": 4020,
    "FP4390_JF1": 4135,
    "LSE": 220,
    "FLEX": 3179.6,
    "FLEX(Chg)": 2953.6,
    "SCS4600-UP-S": 4262.800000000001,
    "SCS4400-UP-S": 4077.199999999999,
    "SCS3950-UP-S": 3460
  },
  "47": {
    "M-series": 515.52,
    "FP4200": 3990,
    "FP4390_JF1": 4092,
    "LSE": 220,
    "FLEX": 3159.2,
    "FLEX(Chg)": 2935.2,
    "SCS4600-UP-S": 4232.100000000001,
    "SCS4400-UP-S": 4047.8999999999987,
    "SCS3950-UP-S": 3435
  },
  "48": {
    "M-series": 504.78000000000003,
    "FP4200": 3960,
    "FP4390_JF1": 4050,
    "LSE": 220,
    "FLEX": 3138.7999999999997,
    "FLEX(Chg)": 2916.7999999999997,
    "SCS4600-UP-S": 4201.4000000000015,
    "SCS4400-UP-S": 4018.5999999999985,
    "SCS3950-UP-S": 3411
  },
  "49": {
    "M-series": 494.03999999999996,
    "FP4200": 3930,
    "FP4390_JF1": 4007,
    "LSE": 220,
    "FLEX": 3118.3999999999996,
    "FLEX(Chg)": 2898.3999999999996,
    "SCS4600-UP-S": 4170.700000000002,
    "SCS4400-UP-S": 3989.2999999999984,
    "SCS3950-UP-S": 3387
  },
  "50": {
    "M-series": 483.3,
    "FP4200": 3900,
    "FP4390_JF1": 3965,
    "LSE": 220,
    "FLEX": 3097.9999999999995,
    "FLEX(Chg)": 2879.9999999999995,
    "SCS4600-UP-S": 4140,
    "SCS4400-UP-S": 3960,
    "SCS3950-UP-S": 3363
  }
}