{
  "product": "JF2 0.25 DC LINK",
  "retention": {
    "cp_0.244116": {
      "cp_rate": 0.24411584722520113,
      "years": {
        "0": 100,
        "1": 96.8,
        "2": 93.6,
        "3": 91.5,
        "4": 89.4,
        "5": 87.5,
        "6": 85.8,
        "7": 84.2,
        "8": 82.8,
        "9": 81.4,
        "10": 80.1,
        "11": 79,
        "12": 77.8,
        "13": 76.7,
        "14": 75.7,
        "15": 74.7,
        "16": 73.8,
        "17": 72.9,
        "18": 72,
        "19": 71.2,
        "20": 70.4
      }
    },
    "cp_0.241281": {
      "cp_rate": 0.24128080928307793,
      "years": {
        "0": 100,
        "1": 96.9,
        "2": 93.8,
        "3": 91.6,
        "4": 89.4,
        "5": 87.5,
        "6": 85.8,
        "7": 84.2,
        "8": 82.8,
        "9": 81.4,
        "10": 80.2,
        "11": 79,
        "12": 77.8,
        "13": 76.7,
        "14": 75.7,
        "15": 74.7,
        "16": 73.8,
        "17": 72.9,
        "18": 72,
        "19": 71.2,
        "20": 70.4
      }
    },
    "cp_0.240978": {
      "cp_rate": 0.2409782250804723,
      "years": {
        "0": 100,
        "1": 97,
        "2": 93.9,
        "3": 91.6,
        "4": 89.5,
        "5": 87.6,
        "6": 85.8,
        "7": 84.3,
        "8": 82.8,
        "9": 81.5,
        "10": 80.2,
        "11": 79,
        "12": 77.9,
        "13": 76.8,
        "14": 75.7,
        "15": 74.8,
        "16": 73.8,
        "17": 72.9,
        "18": 72.1,
        "19": 71.2,
        "20": 70.4
      }
    },
    "cp_0.238512": {
      "cp_rate": 0.23851170245588782,
      "years": {
        "0": 100,
        "1": 97.1,
        "2": 94.1,
        "3": 91.7,
        "4": 89.6,
        "5": 87.7,
        "6": 85.9,
        "7": 84.4,
        "8": 82.9,
        "9": 81.5,
        "10": 80.3,
        "11": 79.1,
        "12": 77.9,
        "13": 76.9,
        "14": 75.8,
        "15": 74.8,
        "16": 73.9,
        "17": 73,
        "18": 72.1,
        "19": 71.3,
        "20": 70.5
      }
    },
    "cp_0.238143": {
      "cp_rate": 0.23814318713834914,
      "years": {
        "0": 100,
        "1": 97.2,
        "2": 94.2,
        "3": 91.7,
        "4": 89.6,
        "5": 87.7,
        "6": 86,
        "7": 84.4,
        "8": 82.9,
        "9": 81.6,
        "10": 80.3,
        "11": 79.1,
        "12": 78,
        "13": 76.9,
        "14": 75.9,
        "15": 74.9,
        "16": 73.9,
        "17": 73,
        "18": 72.2,
        "19": 71.3,
        "20": 70.5
      }
    },
    "cp_0.235806": {
      "cp_rate": 0.23580625325690896,
      "years": {
        "0": 100,
        "1": 97.3,
        "2": 94.4,
        "3": 91.9,
        "4": 89.7,
        "5": 87.8,
        "6": 86.1,
        "7": 84.5,
        "8": 83.1,
        "9": 81.7,
        "10": 80.4,
        "11": 79.2,
        "12": 78.1,
        "13": 77,
        "14": 76,
        "15": 75,
        "16": 74,
        "17": 73.1,
        "18": 72.3,
        "19": 71.4,
        "20": 70.6
      }
    },
    "cp_0.235374": {
      "cp_rate": 0.23537408031115903,
      "years": {
        "0": 100,
        "1": 97.4,
        "2": 94.5,
        "3": 91.9,
        "4": 89.8,
        "5": 87.9,
        "6": 86.1,
        "7": 84.5,
        "8": 83.1,
        "9": 81.7,
        "10": 80.4,
        "11": 79.2,
        "12": 78.1,
        "13": 77,
        "14": 76,
        "15": 75,
        "16": 74.1,
        "17": 73.2,
        "18": 72.3,
        "19": 71.5,
        "20": 70.6
      }
    },
    "cp_0.233162": {
      "cp_rate": 0.23316229153972515,
      "years": {
        "0": 100,
        "1": 97.5,
        "2": 94.6,
        "3": 92.1,
        "4": 89.9,
        "5": 88,
        "6": 86.2,
        "7": 84.7,
        "8": 83.2,
        "9": 81.8,
        "10": 80.6,
        "11": 79.3,
        "12": 78.2,
        "13": 77.1,
        "14": 76.1,
        "15": 75.1,
        "16": 74.2,
        "17": 73.3,
        "18": 72.4,
        "19": 71.5,
        "20": 70.7
      }
    },
    "cp_0.232669": {
      "cp_rate": 0.23266863111218017,
      "years": {
        "0": 100,
        "1": 97.6,
        "2": 94.7,
        "3": 92.1,
        "4": 89.9,
        "5": 88,
        "6": 86.3,
        "7": 84.7,
        "8": 83.2,
        "9": 81.8,
        "10": 80.6,
        "11": 79.4,
        "12": 78.2,
        "13": 77.1,
        "14": 76.1,
        "15": 75.1,
        "16": 74.2,
        "17": 73.3,
        "18": 72.4,
        "19": 71.5,
        "20": 70.7
      }
    },
    "cp_0.230578": {
      "cp_rate": 0.23057774469259032,
      "years": {
        "0": 100,
        "1": 97.6,
        "2": 94.9,
        "3": 92.2,
        "4": 90.1,
        "5": 88.2,
        "6": 86.4,
        "7": 84.8,
        "8": 83.4,
        "9": 82,
        "10": 80.7,
        "11": 79.5,
        "12": 78.4,
        "13": 77.3,
        "14": 76.2,
        "15": 75.2,
        "16": 74.3,
        "17": 73.4,
        "18": 72.5,
        "19": 71.7,
        "20": 70.9
      }
    },
    "cp_0.230025": {
      "cp_rate": 0.23002466939499633,
      "years": {
        "0": 100,
        "1": 97.7,
        "2": 95,
        "3": 92.3,
        "4": 90.1,
        "5": 88.2,
        "6": 86.5,
        "7": 84.9,
        "8": 83.4,
        "9": 82,
        "10": 80.8,
        "11": 79.5,
        "12": 78.4,
        "13": 77.3,
        "14": 76.3,
        "15": 75.3,
        "16": 74.3,
        "17": 73.4,
        "18": 72.6,
        "19": 71.7,
        "20": 70.9
      }
    },
    "cp_0.228051": {
      "cp_rate": 0.22805063221983632,
      "years": {
        "0": 100,
        "1": 97.8,
        "2": 95.1,
        "3": 92.4,
        "4": 90.3,
        "5": 88.3,
        "6": 86.6,
        "7": 85,
        "8": 83.5,
        "9": 82.1,
        "10": 80.9,
        "11": 79.6,
        "12": 78.5,
        "13": 77.4,
        "14": 76.4,
        "15": 75.4,
        "16": 74.4,
        "17": 73.5,
        "18": 72.6,
        "19": 71.8,
        "20": 71
      }
    },
    "cp_0.22744": {
      "cp_rate": 0.2274401225478615,
      "years": {
        "0": 100,
        "1": 97.8,
        "2": 95.2,
        "3": 92.4,
        "4": 90.3,
        "5": 88.4,
        "6": 86.6,
        "7": 85.1,
        "8": 83.6,
        "9": 82.2,
        "10": 80.9,
        "11": 79.7,
        "12": 78.6,
        "13": 77.5,
        "14": 76.4,
        "15": 75.4,
        "16": 74.5,
        "17": 73.6,
        "18": 72.7,
        "19": 71.8,
        "20": 71
      }
    },
    "cp_0.225579": {
      "cp_rate": 0.22557906068054942,
      "years": {
        "0": 100,
        "1": 97.9,
        "2": 95.3,
        "3": 92.5,
        "4": 90.5,
        "5": 88.5,
        "6": 86.8,
        "7": 85.2,
        "8": 83.7,
        "9": 82.3,
        "10": 81,
        "11": 79.8,
        "12": 78.7,
        "13": 77.6,
        "14": 76.5,
        "15": 75.5,
        "16": 74.6,
        "17": 73.7,
        "18": 72.8,
        "19": 71.9,
        "20": 71.1
      }
    },
    "cp_0.224913": {
      "cp_rate": 0.2249130100751075,
      "years": {
        "0": 100,
        "1": 97.9,
        "2": 95.3,
        "3": 92.6,
        "4": 90.5,
        "5": 88.6,
        "6": 86.8,
        "7": 85.2,
        "8": 83.8,
        "9": 82.4,
        "10": 81.1,
        "11": 79.9,
        "12": 78.7,
        "13": 77.6,
        "14": 76.6,
        "15": 75.6,
        "16": 74.6,
        "17": 73.7,
        "18": 72.8,
        "19": 72,
        "20": 71.2
      }
    },
    "cp_0.223161": {
      "cp_rate": 0.22316121895733396,
      "years": {
        "0": 100,
        "1": 98,
        "2": 95.4,
        "3": 92.7,
        "4": 90.6,
        "5": 88.7,
        "6": 87,
        "7": 85.4,
        "8": 83.9,
        "9": 82.5,
        "10": 81.2,
        "11": 80,
        "12": 78.8,
        "13": 77.7,
        "14": 76.7,
        "15": 75.7,
        "16": 74.7,
        "17": 73.8,
        "18": 72.9,
        "19": 72.1,
        "20": 71.3
      }
    },